NATIONAL PRICE,- PRICE,Brand,pattern & size,url
£45.99,,Autogreen,Smart Chaser SC1,https://www.national.co.uk/price-comparison
£46.99,,Autogreen,Smart Chaser SC1,https://www.national.co.uk/price-comparison
£54.99,,Autogreen,Smart Chaser SC1,https://www.national.co.uk/price-comparison
£61.99,,Avon,,https://www.national.co.uk/price-comparison
£85.99,,Avon,ZV7 215/50WR17 XL,https://www.national.co.uk/price-comparison
£74.99,,Avon,ZV7 225/40YR18 XL,https://www.national.co.uk/price-comparison
£139.99,,Bridgestone,Turanza T005 195/50VR16,https://www.national.co.uk/price-comparison
£90.99,,Bridgestone,Weather Control A005,https://www.national.co.uk/price-comparison
£88.99,,Continental,ContiEcoContact 5 185/65TR15,https://www.national.co.uk/price-comparison
£90.99,,Continental,ContiEcoContact 5 205/55VR16,https://www.national.co.uk/price-comparison
£71.99,,Dunlop,SP Sport BluResponse,https://www.national.co.uk/price-comparison
£82.99,,Dunlop,Sport Maxx RT,https://www.national.co.uk/price-comparison
£82.99,,Goodyear,EfficientGrip Performance 185/60HR15,https://www.national.co.uk/price-comparison
£64.99,,Goodyear,EfficientGrip Performance 2,https://www.national.co.uk/price-comparison
£68.99,,Goodyear,EfficientGrip Performance 2,https://www.national.co.uk/price-comparison
£80.99,,Michelin,CrossClimate 2 195/65VR15,https://www.national.co.uk/price-comparison
£106.99,,Michelin,Pilot Sport 4,https://www.national.co.uk/price-comparison
£69.99,,Pirelli,Cinturato P7 205/55VR16,https://www.national.co.uk/price-comparison
£98.99,,Pirelli,Powergy 225/40YR18 XL,https://www.national.co.uk/price-comparison
